{
  "personagem_id": 0,
  "arma_id": 2,
  "camadas": [
    12,
    16,
    8,
    4
  ],
  "pesos": [
    [
      [
        0.37029672568704297,
        -0.39664663946926054,
        -0.38372281541826103,
        0.05997255490251674,
        0.21314784350860672,
        0.42369981178156846,
        -0.11203426588814314,
        0.10831292489046573,
        0.21107801000855442,
        -0.3033067038491415,
        -0.0713027523507605,
        -0.07889232368669707,
        0.23413900927635523,
        0.12510411879226802,
        -0.13860540758205575,
        -0.23787153524287863
      ],
      [
        0.03227782941536833,
        -0.41436373730510073,
        -0.15765014545881978,
        -0.3942426033917625,
        -0.37936863398537685,
        -0.09053914795663648,
        -0.29260598083459527,
        -0.4165803046300352,
        -0.38326609334021366,
        0.06225897310900419,
        0.3887318892841656,
        0.2879774317995525,
        -0.2944514016466095,
        0.3727896767117441,
        0.33348352384686153,
        0.3711143509043885
      ],
      [
        0.26194291732207553,
        -0.02476965244219126,
        -0.3777454181715168,
        -0.409476390323316,
        -0.34476168759738324,
        0.42888841452080184,
        0.11991367429708,
        0.43760557309762715,
        -0.21736007425026024,
        -0.42680234126513217,
        -0.164577319485674,
        0.4072265414628805,
        -0.16984363596716995,
        0.1650154122110209,
        0.008600173443140513,
        -0.44426121891322606
      ],
      [
        0.13430917343298088,
        -0.4175097846258315,
        0.060915651953080796,
        0.24027425512137446,
        0.38232793681142363,
        -0.3512798524165208,
        0.4382007995479952,
        0.2972543473550989,
        0.2515813648786095,
        -0.093728665215558,
        -0.0009710436500937614,
        0.1791584342583794,
        0.009918751224227473,
        0.3432482593693196,
        -0.041799187976715224,
        0.2861582790504761
      ],
      [
        -0.11847187468136738,
        -0.03965021610241559,
        0.022584012518460428,
        0.16093902677282923,
        -0.0029314711355875045,
        0.09947920170393276,
        0.375674548680611,
        0.13020496529956438,
        0.45134325147652055,
        0.04452845939486938,
        0.08850164969647045,
        0.2668304469315471,
        0.23292738857795225,
        -0.31606077655768705,
        -0.2957791132921963,
        0.2043374950170186
      ],
      [
        -0.3820565348298208,
        -0.1884784391878892,
        -0.15390505150344935,
        -0.2780188017550881,
        0.027769914292592346,
        0.15935171189892705,
        -0.2747113534806598,
        -0.23165804008969182,
        -0.4320065282474324,
        -0.3272538722178706,
        0.16066213077281388,
        0.4620778133449036,
        0.37164936122591075,
        -0.15052438628276205,
        0.32372551280342965,
        -0.052866430535532305
      ],
      [
        -0.07562175485802053,
        -0.3202775739970114,
        -0.3693225817100197,
        -0.45728263142735287,
        -0.42817635550584576,
        -0.30578811323482147,
        -0.41609851136288434,
        0.19868260310280839,
        0.17696898288824425,
        -0.151126740551962,
        0.31192041091323464,
        -0.09845565674077633,
        0.23730694974784883,
        0.03520232071804369,
        0.4398802776318472,
        -0.2332257110645233
      ],
      [
        0.04379619359999476,
        0.3904332664096427,
        -0.26040836106653853,
        0.10909734537099902,
        -0.10841749725898059,
        -0.36084087447219393,
        -0.35138364676614686,
        0.35261149235022515,
        -0.04115830765178863,
        -0.26369806749185476,
        -0.28870958907835453,
        0.14236402229417022,
        0.0400808630844518,
        -0.44359902698378106,
        0.420194675706416,
        -0.2595572059591772
      ],
      [
        -0.16291937670431383,
        0.31800330808168387,
        0.13725182770458522,
        -0.3495442149844874,
        0.15130550665782017,
        0.1231726588180172,
        0.2553099625587175,
        -0.0984941322574841,
        0.16522109414133745,
        -0.44766239584370254,
        -0.417898304033325,
        0.0723011939225654,
        -0.3262290794289131,
        0.3591378115287348,
        0.10890958686143004,
        -0.37059028852884857
      ],
      [
        0.24360480421285846,
        0.3795260695326137,
        -0.05783061879767393,
        0.3630768983846441,
        -0.18019041603032077,
        0.06837814856623137,
        0.42160754062562966,
        0.3703344095278118,
        0.1489132225566182,
        0.27852574308947453,
        0.07357924443871766,
        -0.07010817984061213,
        -0.3434237067926632,
        0.4143316453741822,
        -0.16289939425706906,
        0.15212994876110908
      ],
      [
        -0.17673512365233013,
        -0.1772259761112826,
        -0.23795770489664525,
        0.06796348732457103,
        -0.014507439044053938,
        -0.32358006708696074,
        0.3582361742954818,
        -0.14736675424761236,
        0.3177978668841476,
        -0.16203151393853804,
        -0.08603324336377843,
        0.18625474900624173,
        -0.1802217727669161,
        -0.420467784149947,
        0.05465829446278292,
        0.2868224229458154
      ],
      [
        0.25376202673120696,
        0.42603358620192466,
        0.30282879154570264,
        0.28771479786146736,
        0.11357710482437444,
        0.08823855101931277,
        0.19633095987540206,
        -0.004727886563897332,
        -0.04314208438614259,
        0.037871311018427445,
        -0.40003295254281274,
        -0.43574164526901676,
        -0.3521450069044264,
        0.008581142468717273,
        0.4186402477691695,
        0.00013661078037574548
      ]
    ],
    [
      [
        0.15113554384874417,
        -0.2484977039448093,
        0.051302199551686356,
        0.0628687988574691,
        0.23507308143764294,
        0.34190152356062753,
        0.2827751052187577,
        -0.31289365037084416
      ],
      [
        0.23968585597328207,
        -0.16021409659022823,
        -0.48332491992321946,
        -0.0002797893603163626,
        -0.4887062104632788,
        -0.34953389304636984,
        -0.3128419356835236,
        -0.41464266491899815
      ],
      [
        -0.1883364526736031,
        0.26672354675645327,
        -0.36327676066646575,
        -0.3347745175418366,
        0.16101672968197578,
        -0.4063754925595472,
        0.3659261198766004,
        0.2012714658757767
      ],
      [
        -0.36390260631699634,
        0.27669118868650433,
        -0.3876679444783071,
        0.257821344478268,
        0.014673134959695466,
        -0.30261225080946264,
        -0.2837827086887509,
        0.2747340610950182
      ],
      [
        -0.2530179988904512,
        0.4264691069116813,
        0.32093762715884255,
        0.1168058109492327,
        -0.10982786929076593,
        0.2426567924912979,
        -0.4954685882092531,
        -0.4143579267747124
      ],
      [
        0.024682384672698787,
        0.40189893300874113,
        -0.1890964869775852,
        -0.035341592393607346,
        -0.17830265026275294,
        -0.2353804075047249,
        -0.12526711295462678,
        -0.4189704974056667
      ],
      [
        0.1410652989177026,
        0.11202821344881553,
        0.19516610027769932,
        0.3468535284028247,
        -0.40848830474130104,
        0.3768875992529882,
        -0.16990314266395934,
        0.06962161234883868
      ],
      [
        -0.2154355102174471,
        -0.46946364937077545,
        -0.2533370426658873,
        0.06182615600826813,
        0.031524457738739686,
        0.04220187171649459,
        0.1460837284810922,
        -0.3940581096193445
      ],
      [
        -0.4259733306528667,
        -0.321627597542416,
        0.3476776446963844,
