{
  "personagem_id": 0,
  "arma_id": 4,
  "camadas": [
    12,
    16,
    8,
    4
  ],
  "pesos": [
    [
      [
        -0.2837729164156304,
        -0.2997202070621157,
        -0.08436189189449927,
        -0.19120164089058256,
        0.20840163457452876,
        0.23943487239797956,
        0.24444376697941994,
        0.2514804865142579,
        0.4503638645515703,
        -0.07758666770620098,
        0.3381586423534533,
        -0.012901167896952559,
        -0.22834954661683973,
        -0.1753194281931894,
        -0.452523248921731,
        -0.04282312261361082
      ],
      [
        0.3689796462874191,
        0.2598666768602733,
        0.0010049163017697982,
        0.39104648422526567,
        -0.3266095719143923,
        0.27463769197753696,
        -0.2023713276986256,
        0.12023247677818294,
        0.17736561315938493,
        0.37893730337617537,
        -0.08021629062648622,
        -0.41427355032099583,
        -0.14155408408639147,
        0.32992737103590797,
        -0.19723064859132883,
        -0.4415972605519207
      ],
      [
        0.33625534923304157,
        -0.236494009169253,
        0.46267773630010944,
        -0.11909217076616418,
        0.4215018183094743,
        0.2699764264117296,
        0.08735895331617383,
        -0.2762944067472338,
        0.23510061811524685,
        -0.27254584542657084,
        0.1956179696639695,
        -0.24896485335685992,
        -0.3612454026361349,
        -0.38066083071802453,
        -0.013222794142102867,
        -0.31790740315227184
      ],
      [
        0.2523413522201572,
        0.31287404388383433,
        -0.05624448721539094,
        0.28888487255095097,
        -0.4145526211575586,
        0.22724014438330054,
        0.37007663727824747,
        0.1324330267916497,
        0.06657080058985543,
        0.035054303570321854,
        0.2511335742704097,
        -0.1432096253966076,
        0.2696760498190298,
        -0.15123672802590415,
        -0.36187585105921827,
        -0.07843015701361872
      ],
      [
        -0.028597247334652576,
        -0.36658664497239213,
        0.15798470364956463,
        -0.40898761407337236,
        0.20005092101794353,
        0.36059812963015725,
        0.144086846649492,
        0.4369087895617525,
        0.2738098290676825,
        -0.13926997328998814,
        -0.007256495850697264,
        0.0742176155363472,
        -0.0271312868548223,
        -0.27804567960410914,
        0.1578900137354915,
        0.01848182191668235
      ],
      [
        0.281462638624301,
        -0.07221929677633543,
        -0.43727858791354496,
        0.056634899894932866,
        0.19473880257356546,
        -0.09361755708123415,
        -0.40102290283977454,
        -0.30211170222702244,
        0.059473960497274714,
        -0.4114919691293075,
        -0.2673867450637322,
        0.18757845035087584,
        -0.1684402245326742,
        -0.03488149756938963,
        -0.4398435713686461,
        0.14030404087494763
      ],
      [
        0.35051505236491465,
        0.18761526071500434,
        -0.14718513387910764,
        -0.19157598067604215,
        0.4567590031656509,
        -0.002651578849164893,
        -0.43172766104174537,
        -0.4028891969240008,
        -0.08381197817563069,
        0.11033944361818815,
        -0.21585956946209472,
        -0.41322136176767643,
        0.08089230763166111,
        -0.3056212624163537,
        -0.2417375473305681,
        -0.3338607265543497
      ],
      [
        0.4117350527382404,
        0.10331411282844238,
        0.35401880635838123,
        -0.0037578932987735736,
        0.33444196839680473,
        0.1063988596008213,
        -0.28335360546130683,
        0.07536705062642302,
        -0.0845863642319688,
        0.061545886260234606,
        -0.18672330711445823,
        0.09328556386303954,
        0.16797805778881925,
        -0.06575245445218142,
        -0.16068631592858768,
        -0.10790253316837844
      ],
      [
        -0.44947579326999926,
        0.34611273158774036,
        -0.3189310706333831,
        0.021105094125124846,
        -0.12577477357285272,
        0.2937015827575331,
        -0.2269010149447557,
        0.2465947541072644,
        0.2804059046527252,
        -0.4589170780352994,
        0.32351707962933196,
        0.10273141226615512,
        0.21213587763669484,
        0.254449436964322,
        -0.004730673778549244,
        0.3951783658310227
      ],
      [
        -0.22685781096501992,
        -0.39420229616863744,
        0.045526837981304635,
        0.2744587415881933,
        0.10078650782957566,
        -0.3075234534495669,
        0.07057411060583352,
        0.23824552080607242,
        -0.3650762107204919,
        0.36428088471837883,
        0.16883491092401026,
        -0.40024158625965445,
        0.07538363321720765,
        -0.08872701215638878,
        0.4532218441876742,
        -0.4183950752876301
      ],
      [
        -0.2104119161897826,
        -0.13970206043374556,
        -0.3328530686460869,
        0.2613887687690223,
        -0.2629338846887379,
        -0.2593614603442522,
        -0.29391185603631936,
        0.31636922952621627,
        0.33295350148114855,
        0.14436680909249866,
        0.19563785975916903,
        0.1720235290160118,
        0.24261143575355937,
        0.23079150768814882,
        0.35127626761893327,
        -0.45640989914765623
      ],
      [
        0.019824143336734212,
        0.34965018195062414,
        -0.22697950478841925,
        -0.0268877587912299,
        -0.4469924565468513,
        -0.39641605289791854,
        -0.38817688162109254,
        0.1827965641837651,
        0.19785284706644557,
        0.387182533595698,
        0.27200912378021014,
        -0.08383143806678806,
        -0.09842359586027771,
        0.4362042850789968,
        0.38362781629713893,
        0.3221154673972877
      ]
    ],
    [
      [
        0.4442465262606331,
        -0.13329647283172974,
        -0.2361643360302167,
        0.08885292296217384,
        0.37811972933181637,
        0.24185611793039608,
        0.2630891091221812,
        0.1904550574125271
      ],
      [
        0.14762652278861466,
        0.2973039000365617,
        0.03938844132558672,
        -0.32295938011095904,
        -0.18883643777785442,
        -0.4025980513336628,
        0.40362802588982116,
        0.17322649541899926
      ],
      [
        0.15501484691786138,
        0.22506608698014352,
        -0.45097827136560553,
        0.1605077588531746,
        -0.11162117912098646,
        -0.33859302048791196,
        0.3802847696741771,
        0.004934061003145418
      ],
      [
        0.2620528870858855,
        0.2686033970965288,
        -0.011410139368842942,
        0.09760275009088959,
        -0.07236948615441008,
        -0.49930861513213587,
        0.07561145552908044,
        0.014887059430646499
      ],
      [
        -0.43260581783516916,
        0.35785016660463476,
        -0.006677048294188137,
        0.16049439197663906,
        0.2304195960681128,
        -0.17169388298864852,
        0.4421855844593955,
        -0.3250471098514832
      ],
      [
        -0.08926338302323822,
        -0.20285316079726345,
        -0.3458885864842952,
        0.14763485053444414,
        0.03463136745542694,
        -0.286656502388289,
        0.40967410399253645,
        -0.04807029133499663
      ],
      [
        -0.0499188420014921,
        0.2117263952191183,
        0.24280798680911053,
        -0.28187353478039323,
        0.3453143923148221,
        0.272194809925027,
        -0.4745073663692033,
        0.48249473657921005
      ],
      [
        0.01761943545392175,
        -0.4948711043852929,
        0.15476722200339788,
        -0.13517374592305575,
        -0.3914496846591985,
        0.4388492007649044,
        -0.09461223681417075,
        -0.37196698431927466
      ],
      [
        0.15352742301771838,
        -0.39287101644973177,
