{
  "personagem_id": 0,
  "arma_id": 3,
  "camadas": [
    12,
    16,
    8,
    4
  ],
  "pesos": [
    [
      [
        -0.2030095153134832,
        0.04752135752716691,
        0.39209339718368963,
        0.036885804821075674,
        -0.28067424845814226,
        -0.03191075651961922,
        0.3508971799066679,
        -0.32500725336680175,
        0.41667661854102456,
        0.2712503600088052,
        -0.2995271677472379,
        -0.0688067026128289,
        0.05068148653917093,
        -0.334781706294905,
        -0.2152612746911985,
        -0.39941225525910845
      ],
      [
        0.031219431317404345,
        0.1293817816095275,
        0.2189010898247652,
        -0.34587574146256767,
        0.26487066716982766,
        0.42991617437296126,
        0.3997008885035518,
        0.30301701700021266,
        0.2037187461587613,
        0.29587784359698044,
        -0.4332152456359177,
        -0.39207150947165337,
        -0.26010047616632176,
        -0.2363790692517201,
        0.14311680090386047,
        0.3757363725926448
      ],
      [
        0.3722705869814381,
        0.43085054926460253,
        -0.267010077607172,
        0.4512292120737833,
        0.4505165371145401,
        -0.26873080704824437,
        -0.42570598744049987,
        0.1637363500055542,
        0.10568384375864992,
        -0.45438553355124905,
        0.0225450785649271,
        0.10404430200161907,
        -0.4049962091180732,
        0.4040782086785226,
        0.2082758567267653,
        0.14405568171401562
      ],
      [
        0.2629363577412087,
        0.2748658056631662,
        0.24940536304859617,
        0.16238409350975835,
        0.3680381845662454,
        0.034803825921060905,
        0.4051873224978062,
        0.00016035065852593178,
        -0.29230175842086525,
        -0.3095601849258066,
        0.22397450438513866,
        -0.28988893942795735,
        0.030694140135861803,
        0.09732906825749565,
        0.12969405390430178,
        0.178267356966749
      ],
      [
        0.3018062836475408,
        -0.4134625211813486,
        0.027367529700508708,
        0.11141786231361628,
        -0.41758599742698055,
        -0.18341208771958684,
        -0.06410334468681111,
        0.3284184653251515,
        0.3570315477234708,
        0.3587446368537288,
        0.05250302358551806,
        -0.14216536075281316,
        0.28185243021295703,
        0.28898491588599307,
        0.14477775834537432,
        -0.27129939222480226
      ],
      [
        -0.16006307996652397,
        -0.3259417031599156,
        -0.17086387799620384,
        0.4072078567163172,
        0.349181713897318,
        0.064748822553652,
        -0.13815644512583292,
        -0.11501965751014648,
        -0.32351116321393414,
        -0.13115012947783777,
        0.2547532137846622,
        -0.20805257631047758,
        -0.45062949477083103,
        0.14169126491600004,
        -0.17384018575574678,
        0.3455835456928118
      ],
      [
        -0.3397683135786192,
        0.294535102225587,
        0.4462818871933424,
        -0.162361147397718,
        -0.3988885834509065,
        0.3979392302364325,
        0.33796631577077585,
        0.08524913973273263,
        -0.33512418838366986,
        -0.10064034509174302,
        0.046889073571101614,
        -0.003637784482117823,
        0.153149091594186,
        -0.45678745724237485,
        0.46219491086330144,
        -0.4001383938443478
      ],
      [
        0.22940342110252576,
        0.37298208639430364,
        0.07277771395739852,
        -0.1686518448305706,
        0.20506483910814388,
        0.20739381592220707,
        0.33388356240847217,
        0.07144893910618866,
        -0.2283708680448964,
        -0.14851217352136975,
        -0.06012355254762458,
        0.4512434753789002,
        -0.3384207598906521,
        0.04218284200411393,
        -0.33778191647210887,
        -0.4380597504638242
      ],
      [
        0.18642004222344288,
        -0.30476703454218335,
        -0.2966866113877873,
        0.30043164449515236,
        -0.022989381377872486,
        0.2179347287776806,
        -0.09095410230578893,
        -0.03980815554719058,
        -0.2710171993359486,
        0.32237384695763915,
        0.03534196583391336,
        -0.30192328458194656,
        0.22635894962879977,
        -0.423275055327427,
        -0.19501105729563917,
        0.04923701380434242
      ],
      [
        0.452028999903194,
        0.2718507858649223,
        0.020704675425896157,
        0.20814480898223797,
        0.14675830683488433,
        -0.19313770130213614,
        0.1851598049451555,
        -0.4092287318546224,
        0.03321805711479664,
        0.15435160554971894,
        -0.13441862442446129,
        -0.27185882674469164,
        -0.2098436354343058,
        0.013248331285242498,
        0.02870124734124091,
        -0.01464234673190501
      ],
      [
        0.0014007434859950596,
        0.4384431265726174,
        0.40233729312953836,
        0.06877434756132239,
        -0.29123725549191504,
        0.24472938012422152,
        0.2770616683678061,
        -0.31578002987291454,
        0.03261913394361887,
        -0.03828185787456523,
        0.21980525785999472,
        0.24182925149664392,
        -0.02048558127700434,
        -0.028675401363994157,
        -0.3309280991648069,
        0.30234869571089085
      ],
      [
        -0.14769116137019828,
        0.1664460636154893,
        0.2511348248728832,
        -0.45209975407768854,
        0.4418876554386173,
        0.4081043607616547,
        -0.053564689107043595,
        -0.1038766376890593,
        -0.3903096227278636,
        -0.08591764972255628,
        -0.05455094914586123,
        0.06360783649038038,
        0.10094839254240273,
        -0.2813857911695192,
        -0.3807102875722642,
        0.4253876482434187
      ]
    ],
    [
      [
        -0.06747771332522312,
        -0.3132500146127125,
        -0.35548464132991753,
        -0.2957123683355015,
        0.2415788671185055,
        0.20209606721190287,
        -0.08218916653311747,
        -0.1463513503755458
      ],
      [
        -0.24778629916607098,
        0.3924469250033653,
        -0.09063623889004935,
        -0.04578961435818696,
        -0.3451920810574227,
        0.24194266363594807,
        0.16849209511860497,
        -0.40639714490538403
      ],
      [
        0.07100608263375408,
        -0.10701378539197648,
        0.23311678038732775,
        -0.2681824213512837,
        0.10103497211752599,
        -0.33406803393405327,
        0.23758541526775334,
        0.3665391146345752
      ],
      [
        -0.14344650820462213,
        0.41983427596830747,
        -0.33448289864891356,
        -0.25777232370719017,
        -0.26317984524001026,
        -0.16248269392918113,
        0.016342188083125375,
        0.4386218632290484
      ],
      [
        -0.3297593171218651,
        -0.2299779348101837,
        0.006573958174456607,
        -0.3440543164116697,
        0.28130315111396065,
        0.014922378893725274,
        0.2452276912566752,
        0.1917586382064217
      ],
      [
        -0.39443149485125395,
        -0.1274678453949707,
        0.4174594135527362,
        0.33680439657074146,
        0.33262948996142205,
        -0.07526260969536824,
        -0.46915541572966557,
        0.39514424962633177
      ],
      [
        0.392699921733466,
        -0.37471274807916144,
        0.06464007022064855,
        -0.29806770091900503,
        -0.23054282858997355,
        -0.14673497004116742,
        -0.3680617523268659,
        0.045109544537004664
      ],
      [
        0.13853067304539524,
        0.20020066282712246,
        -0.011975537684855708,
        -0.19239606539728205,
        -0.4259072962064172,
        0.28256288150356057,
        -0.1804526338778739,
        0.20553875908722685
      ],
      [
        0.28739370966416156,
        0.09727462341474102,
        0.36102366785425644,
