{
  "personagem_id": 1,
  "arma_id": 3,
  "camadas": [
    12,
    16,
    8,
    5
  ],
  "pesos": [
    [
      [
        -0.16234687447479895,
        0.37476617533550893,
        0.06682813811284394,
        0.06996136953527388,
        0.24329182682626216,
        0.44389008146948117,
        -0.30286686507053917,
        0.1729553178431461,
        0.4304222510060334,
        -0.12910001592280862,
        -0.2894199713656903,
        -0.1257353673188809,
        0.08256199556517452,
        -0.25768607806969823,
        -0.2304482389580065,
        -0.09113172849288842
      ],
      [
        -0.1696029164822846,
        0.3112846400351864,
        -0.25139203328254167,
        -0.16022681794761873,
        0.14908365233967968,
        0.03434480490799724,
        -0.17732699745945846,
        0.32987409438764903,
        -0.16203100346263477,
        0.3102409538448102,
        -0.05027934368873971,
        -0.005969052669097197,
        -0.08738856153340302,
        0.04654491042200992,
        -0.0609418708923819,
        0.03824017309459271
      ],
      [
        0.1966520068541281,
        -0.15143915591179802,
        0.40425555381441913,
        0.006551924374973428,
        0.007775954010365738,
        -0.05116625511149214,
        0.09298902426961131,
        0.09743850224645445,
        -0.08776063095775544,
        -0.4279883032832026,
        0.0450831047930218,
        0.088749105131679,
        0.04802905598898477,
        -0.41931081531145165,
        -0.010916788691567259,
        -0.2638284748781917
      ],
      [
        -0.20170213109168472,
        0.013779509701164538,
        -0.08200016469687194,
        0.460066095851274,
        -0.30754598320777304,
        0.059961868952115194,
        0.3804560718558634,
        0.39392870963440896,
        -0.3705883688787477,
        -0.09986202255227972,
        0.24123153878490755,
        -0.45264710821615545,
        0.3830638481919102,
        -0.09021667760367141,
        0.2739759933741396,
        -0.42085751589495246
      ],
      [
        -0.22557863013312296,
        -0.1511785053264731,
        -0.026285945461636095,
        0.2956171498840925,
        -0.2633905659413864,
        -0.1688922164813687,
        -0.0219089738900915,
        0.34236665919466713,
        -0.08521442912787841,
        0.3955999977210941,
        -0.45172039070808223,
        -0.22390457354996074,
        0.42573506797277716,
        -0.3660454066234218,
        -0.1615509328694671,
        -0.21442158045632428
      ],
      [
        -0.033848608438626415,
        0.10316176639538022,
        0.2564103605383333,
        0.40946327234056834,
        0.014138708217421136,
        -0.3431901528987807,
        -0.32607264681498505,
        -0.27742481488340864,
        -0.3232316148623581,
        -0.3361109870869482,
        0.011553995331659406,
        0.2823473548148062,
        -0.023031113850492724,
        0.08814909052039799,
        -0.1731254863356228,
        0.25556139828446445
      ],
      [
        -0.038042309152898024,
        0.4163761555752481,
        0.32199386675240405,
        0.4309509645129528,
        0.28686040169554916,
        -0.3063247113972234,
        -0.40745372909759325,
        0.1695768607584538,
        -0.10349204231125675,
        -0.12701503004137782,
        -0.1939482046070013,
        -0.010314577294150973,
        0.009162339800151187,
        0.009426842912094668,
        -0.2048898267372769,
        -0.3956176452747792
      ],
      [
        -0.13656325254474622,
        0.2811176173018124,
        0.028927581663845403,
        0.41850953515836586,
        -0.40587116274139823,
        0.1548920699084545,
        0.22492332078029675,
        0.24238021444029623,
        0.29129291789278966,
        0.03632552117567084,
        -0.18713350062194878,
        -0.21997769362120703,
        -0.358801957094419,
        -0.21656545318263487,
        -0.12631280502017445,
        -0.4298698642719836
      ],
      [
        -0.05898757626093598,
        -0.13647866412190146,
        0.005969643405011715,
        -0.3891642059037812,
        -0.0218383978802284,
        0.19105783039277546,
        -0.010051856324588881,
        0.03940205855795931,
        -0.0072480775427076205,
        -0.19548336094730812,
        -0.03282637083180312,
        0.014552835095244188,
        0.40678076989893364,
        -0.019349796952144616,
        0.31633634557555634,
        -0.2219807918589435
      ],
      [
        -0.3359384486185963,
        -0.28598596729352,
        0.1599543571960702,
        0.11952255870997164,
        0.31150971167633623,
        -0.3730095099502536,
        0.12432348391377335,
        -0.10685175376483241,
        -0.40090492283111046,
        0.4510737957938634,
        -0.05132268093497527,
        0.4363190739507097,
        -0.05301550468477323,
        0.31426831617187245,
        0.3111356857686798,
        0.3204386094822331
      ],
      [
        -0.24654195684165062,
        0.17874101500860862,
        -0.04062038487854469,
        -0.2679857377316194,
        -0.3795992381497614,
        0.4484293996331735,
        0.391976384932582,
        -0.08220950556569057,
        0.4399708074160824,
        0.05180326043598804,
        -0.08616641121063218,
        0.38144805266643245,
        -0.35183608180912507,
        0.02739064322833762,
        0.35393019165149475,
        -0.441175859257124
      ],
      [
        -0.3233824874705759,
        -0.019349889894435868,
        0.3495148968955243,
        0.07905078702469615,
        0.04160535115848074,
        -0.45728950997536555,
        -0.22029452648088577,
        0.42294442374452423,
        -0.32495938231403415,
        -0.32716398946271347,
        0.44986195128744166,
        0.3769440432609291,
        -0.030916490340235747,
        0.17492630536376474,
        0.11587112382772691,
        0.343122069596261
      ]
    ],
    [
      [
        -0.3120439359544579,
        -0.3640617601698899,
        -0.20123683960824823,
        -0.11442830586984298,
        0.41584202696983585,
        -0.1408967224819221,
        -0.2989212352249716,
        -0.08094725507105238
      ],
      [
        0.12089201947082295,
        0.47977776991643395,
        -0.08750545023704137,
        0.2604125921980368,
        -0.3423252834902538,
        0.08472127667529172,
        0.3601239192171318,
        -0.3081278340480398
      ],
      [
        -0.19229885094015708,
        0.08852726482447015,
        0.11952095385461936,
        0.25882348717224335,
        -0.25233670394996877,
        0.27395267019089187,
        0.019945675594783774,
        -0.4922105897850989
      ],
      [
        -0.0012537940335348718,
        -0.46780250181764826,
        0.3263115014468906,
        -0.47687386267258913,
        -0.03606187363830504,
        0.18496636008616307,
        0.10380828790203356,
        -0.35512364308725053
      ],
      [
        0.38428817290278794,
        -0.25779922998090177,
        -0.02905560774372773,
        -0.225222676196854,
        -0.4741606901370006,
        0.39918831264268995,
        0.07909209573455955,
        -0.24925024043921773
      ],
      [
        0.3188021950968003,
        -0.47378569107589386,
        -0.39457088880755153,
        -0.21816228480123334,
        0.3603917645485393,
        -0.06888531892469274,
        0.4872922465312721,
        -0.01671175268087899
      ],
      [
        -0.17494001672893766,
        0.3031029093736489,
        -0.46992646483443024,
        -0.38589240768757127,
        -0.18059469333683742,
        0.19306722507049956,
        0.2988699465773823,
        0.02812161082225928
      ],
      [
        0.28544875962594374,
        0.10806046325484009,
        0.45048423631695145,
        -0.04409282470262732,
        0.2609240227812374,
        -0.41286304732014023,
        -0.46982564635223667,
        -0.2326607937005345
      ],
      [
        -0.45458918326345665,
