{
  "personagem_id": 2,
  "arma_id": 4,
  "camadas": [
    12,
    16,
    8,
    5
  ],
  "pesos": [
    [
      [
        0.45374859555518887,
        -0.10403305619595987,
        0.4546763935615309,
        -0.2612903551093596,
        -0.1719346381869707,
        0.23048504448305873,
        0.44586612178755836,
        -0.20374085887075394,
        -0.41978448937623586,
        0.3572376479433528,
        0.1893113354111955,
        0.25986464041169066,
        -0.36824240150211285,
        0.09976358451995826,
        0.44738648631624955,
        -0.3835937631471916
      ],
      [
        -0.4502417945748968,
        -0.2131412536399532,
        0.4072291358014949,
        0.36318794759341466,
        0.08996912109100441,
        0.20763252064733673,
        -0.35740483463884004,
        0.3797023312257325,
        0.23081042091698645,
        0.26189097712054277,
        0.1279881120042189,
        0.3967884627996656,
        -0.11336371321276995,
        -0.1075008983695917,
        0.2175495548913693,
        -0.3804935015051559
      ],
      [
        -0.09782548919192585,
        -0.037923210625373016,
        -0.14125616793038265,
        0.1472207091514306,
        0.3831139342546497,
        0.025778214007823208,
        -0.1958448435615473,
        -0.20500198713490497,
        -0.450009871427228,
        0.10888024339014757,
        -0.17393890514530846,
        0.22662258614925768,
        0.38488096545489303,
        0.06014441170472251,
        -0.3444401682711847,
        -0.38138174387956053
      ],
      [
        0.16415815460486027,
        -0.2603673321354005,
        -0.22710972411322825,
        -0.1742374963440545,
        0.3862447354177314,
        0.02823245996944712,
        -0.3146516771756733,
        0.20122482818558063,
        0.41168037474846153,
        -0.139190277387089,
        -0.4534703930197524,
        -0.03562242143476391,
        0.26718754964139035,
        -0.34738203144181756,
        -0.1752701237553002,
        0.2764495218297396
      ],
      [
        -0.40301968558243934,
        0.005974028478403115,
        0.2734445609925943,
        0.2527374223656106,
        0.373143232939415,
        -0.3799527973558137,
        0.20367432221300685,
        0.2790782962666597,
        -0.3111514028225077,
        -0.13053860414436658,
        0.18861111504350903,
        -0.277718553997623,
        0.20554031230774295,
        -0.4468687551439395,
        -0.34024494973199015,
        0.2473421889127344
      ],
      [
        0.4544744679619096,
        0.2099337912967858,
        0.015452382066289128,
        -0.11666815181359014,
        0.14068295847593937,
        0.18472316931123756,
        -0.38063003062064016,
        -0.18793563115415712,
        0.0473044695636039,
        0.3561673036206261,
        0.04669377681783704,
        -0.2210425499985116,
        0.4267942058140868,
        0.1962519697137316,
        0.41031795351321276,
        0.21572324894558503
      ],
      [
        -0.17573202026235585,
        0.279449534988503,
        0.3557215126194456,
        0.40912479725847595,
        0.3375683308114533,
        0.019015394013237374,
        -0.14406901905996367,
        -0.3672395053849643,
        0.3272857663447126,
        -0.45293123433933496,
        -0.3805501556412391,
        -0.12572545240637528,
        0.40461397937195953,
        -0.14045459147563355,
        0.4138755605255465,
        0.18175861575100538
      ],
      [
        -0.4475139583180377,
        0.24022823753175315,
        -0.45604437107056006,
        0.426234563699722,
        0.052199701232291895,
        -0.37430786180869735,
        -0.006862583796973631,
        0.28811986721451377,
        0.08618571410421172,
        -0.43615256973221,
        -0.42589302678032964,
        0.44219396107422826,
        0.38809814982580526,
        -0.34630686760108187,
        -0.051754836245225144,
        -0.2856095606498679
      ],
      [
        0.15620991176252608,
        -0.11755045790462859,
        -0.20089898128213646,
        -0.3436212040057407,
        -0.1322711340978921,
        -0.4501285994244773,
        0.3529672290388831,
        0.29956094133210975,
        0.21727625930462036,
        -0.08537268962002487,
        0.2750167208372618,
        -0.24702467042297802,
        0.28581309017262946,
        -0.4496289696963559,
        0.17902095592556255,
        -0.1881098996299857
      ],
      [
        0.22086321368365602,
        -0.03869198186020323,
        0.15752931279618732,
        0.16167430668344074,
        -0.4462549315981882,
        -0.14020678153477556,
        -0.0789782660232608,
        -0.26445221984820944,
        0.09992816724177667,
        -0.2882299105505798,
        0.108447563417984,
        0.0615217232822175,
        0.4448861280513524,
        -0.30271360753213783,
        0.1978554785922465,
        0.16587082860707436
      ],
      [
        0.008160631251606598,
        -0.18483526446972592,
        -0.026381762009763665,
        -0.3994489813521923,
        0.32082036162622873,
        0.3282056209200931,
        0.2649209508443676,
        -0.26985810994213183,
        0.05565996090468284,
        0.3630311294556964,
        -0.015875325093141157,
        -0.11252837354366607,
        -0.192200277712698,
        -0.3015315749579156,
        -0.06063146589093976,
        0.40127195950157357
      ],
      [
        -0.44787115686108464,
        -0.39458591524875375,
        -0.17767084877807415,
        0.38754170442588487,
        0.06627069317317114,
        0.0630367085529353,
        -0.1879739872423119,
        -0.4491163883193615,
        0.31333941856091996,
        0.16190933396249152,
        0.004001026891678527,
        0.00022498427506062457,
        -0.1590903703357916,
        0.3609888320000494,
        -0.09621699538040068,
        0.030656440854476552
      ]
    ],
    [
      [
        -0.10663112316943102,
        -0.020196414619959246,
        -0.058191954056412754,
        -0.30369598266690534,
        -0.18958206525599186,
        -0.14926645954403528,
        -0.3813299187811462,
        0.22494088921288646
      ],
      [
        -0.43992268444096994,
        0.23539023278708016,
        0.0768567282120578,
        -0.3425851757422771,
        0.40025214276189025,
        -0.18024354626064365,
        -0.4218980093760507,
        0.2518186740884959
      ],
      [
        0.41145970464674064,
        -0.37112624113503323,
        -0.2452235122011217,
        0.4302217558814788,
        0.4670774426264539,
        -0.043323884999809326,
        0.47895300751373937,
        -0.20938338303207382
      ],
      [
        0.14269547622368106,
        0.30631336192842196,
        0.20710263513687366,
        0.4856369242104067,
        0.24907462502502142,
        -0.022458398653214307,
        0.41820623173650995,
        -0.27763050673620215
      ],
      [
        -0.4965525275438275,
        0.13825621169271574,
        -0.06796409004475978,
        -0.391627749614321,
        0.033171529318450355,
        -0.1946996159495823,
        0.39296789607993143,
        0.24428770079751672
      ],
      [
        0.17312870909080336,
        -0.14072687260170047,
        -0.329950062544347,
        0.4911458469182812,
        0.22564078133174215,
        -0.019357059482272843,
        -0.48672098075445325,
        0.3376336100480519
      ],
      [
        -0.2741577347871337,
        0.26230214928665796,
        -0.037150452378855836,
        0.2276941408272537,
        -0.36490542230407685,
        0.16322732116976613,
        -0.2047770643785254,
        0.392536867681754
      ],
      [
        -0.4167896816652342,
        -0.2897390961883418,
        -0.39826126787601457,
        0.31408766588777914,
        0.07046768136583836,
        -0.3600821820198592,
        -0.08793755313184481,
        0.33480524534266887
      ],
      [
        0.4564514921902366,
        0.028652891014667947,
        0.26745506541389463,
