{
  "personagem_id": 0,
  "arma_id": 1,
  "camadas": [
    12,
    16,
    8,
    4
  ],
  "pesos": [
    [
      [
        0.24379201436487052,
        0.013966385116150004,
        0.4465330412195777,
        0.21622384865906719,
        0.04439491234252202,
        0.3266011806745246,
        0.1486401276664463,
        -0.18018835353716606,
        -0.4454623132589771,
        -0.025985893407132865,
        0.014813662392515525,
        0.19144814370876317,
        -0.3205983973977817,
        -0.14288392121498855,
        -0.28418980478218414,
        0.32829944575153147
      ],
      [
        -0.27670896413480395,
        0.36798290699639347,
        -0.1472840013977152,
        0.22894780547769533,
        -0.3220154884285801,
        -0.09940651729257222,
        -0.17713515626926324,
        -0.3615626731520259,
        -0.054087411080070535,
        -0.12330383009473483,
        -0.24601660562468225,
        0.3791800632025434,
        -0.08929275688949767,
        0.3139876021123701,
        0.1765769544384399,
        -0.2594202106749232
      ],
      [
        0.45279211374784356,
        0.07228189653664263,
        -0.032728670878349575,
        0.07706603243606402,
        0.1471903347624618,
        -0.146876251993106,
        -0.36059128250167355,
        -0.034284548838050544,
        -0.40654782574060877,
        -0.23442309239542433,
        -0.3750217132657411,
        0.06658927233622147,
        -0.45611736478557,
        -0.13816319356959073,
        -0.12368040778389117,
        0.08792472189441214
      ],
      [
        -0.40939342117737904,
        -0.21314656763744133,
        0.43187523153572316,
        -0.12171023321903657,
        0.35858266478387335,
        -0.06238489433596173,
        -0.2895335277414673,
        0.15081418606191566,
        0.36208511264755694,
        0.23561037960457798,
        0.1328449208492407,
        -0.25162374717006963,
        -0.14062097317711303,
        0.30276253725901003,
        -0.23904555094330085,
        0.2400852365710755
      ],
      [
        0.0413334344684525,
        0.31924508366414983,
        -0.18071669695701298,
        -0.06024080135785437,
        -0.06880354621405738,
        0.3954949654510902,
        0.2994951353059232,
        0.18580044512163885,
        0.3368401151264626,
        -0.07163984462745765,
        0.3937733007127737,
        -0.39287757602911655,
        0.39066271523006924,
        0.343844119458644,
        -0.15924599166933645,
        0.4439515584752588
      ],
      [
        0.005335083501352034,
        -0.3108095142393834,
        -0.28988075619225195,
        -0.31080825264024203,
        0.1936524928002762,
        -0.3173223660233011,
        0.13111476696743785,
        -0.12510107171855134,
        -0.3498971103996841,
        -0.4311153999473752,
        0.28486152259645436,
        -0.4059663637175208,
        0.05967338960847246,
        0.39086287790338714,
        -0.0337894175005406,
        0.1647925686526439
      ],
      [
        -0.295521979777315,
        0.21593224174856263,
        0.39011193165434677,
        -0.046370040988515104,
        0.46198881480637666,
        0.012855836731744508,
        -0.1519550633419261,
        0.4527126326912727,
        0.29833893867359296,
        0.0591131846567956,
        -0.05099495100324819,
        -4.3779058207293886e-05,
        0.03839600825118494,
        -0.12354354455930777,
        0.11608007862747816,
        0.017338997118509725
      ],
      [
        -0.3713972595792578,
        -0.0719522395445828,
        -0.09482248421113515,
        0.22103789136540408,
        0.14507569423842437,
        0.3988108175830888,
        0.10501592336293109,
        0.43578721341740634,
        -0.4370688786561666,
        -0.22411394590366032,
        0.18446159303347143,
        0.10022266970598537,
        -0.2515593645758688,
        0.11308675080690778,
        0.42895379132334277,
        -0.4344565247388791
      ],
      [
        -0.42475263712949396,
        -0.4147113125810088,
        -0.06144185825434523,
        0.3167993317693468,
        0.035209166348966314,
        -0.3153489603355122,
        0.2253017790443942,
        -0.24392115624999167,
        0.3213381574639187,
        -0.008300946673730825,
        0.27938211967936355,
        0.16144885269485643,
        -0.34978829524778027,
        -0.3436787219532571,
        -0.20187185928598794,
        -0.048213707617530355
      ],
      [
        0.1014653132080362,
        -0.22768824406708557,
        0.07026753782787554,
        0.407372688815538,
        -0.37028904120717887,
        0.02720451496931864,
        0.32601143287992507,
        0.39247574659641615,
        -0.36403965309577224,
        0.39966257629640967,
        -0.3690285913053327,
        -0.18231924569352642,
        -0.3430786083279429,
        -0.37032053729742465,
        -0.12256720990956499,
        0.32999457820519507
      ],
      [
        -0.19717816883412126,
        0.010093885671254021,
        0.41835069836552663,
        -0.40570366556527604,
        0.2898199496553665,
        -0.26301396275328437,
        0.1767487524491118,
        0.28931082427877197,
        0.1145804470983367,
        -0.3126519381238576,
        0.24662078434652523,
        -0.23672417579265206,
        -0.13928521841020408,
        0.28242121475644855,
        -0.027778860532237215,
        0.37867486087519764
      ],
      [
        -0.21334970104004147,
        0.07215795053118434,
        0.37091463675893,
        -0.16771041891814475,
        0.30408757030932243,
        -0.2019865069826171,
        -0.17237941513501465,
        -0.3768153189114723,
        0.18930152290176705,
        -0.1391505316454042,
        0.291881338911942,
        -0.3252688643083895,
        -0.1582999684452428,
        -0.13708378467004134,
        0.2728896539021306,
        -0.16181202377816134
      ]
    ],
    [
      [
        -0.030835201872143614,
        -0.0046875541815030175,
        0.4994748194894565,
        0.1561074975776059,
        0.19016621845196102,
        0.34815951070442197,
        0.4506500264409573,
        0.20711488199267303
      ],
      [
        -0.3634858534867801,
        -0.2996884370835383,
        0.08356745114873732,
        -0.2501098023753847,
        0.21528114605298587,
        -0.42437260649137953,
        0.24059806961280328,
        -0.2671616969212931
      ],
      [
        0.4709817548984574,
        -0.02636251716555016,
        0.08490175494810359,
        -0.38031756053505106,
        0.15171868008121425,
        0.1042979446469332,
        0.15542686836030029,
        0.002427690734396637
      ],
      [
        -0.21096443093051265,
        0.3745799983468385,
        0.3568337448313368,
        0.23959688725566552,
        -0.268178305323047,
        -0.3245700921448875,
        0.4775961218093989,
        0.32402024423054554
      ],
      [
        -0.1820542974878525,
        0.4064816527460997,
        -0.027043401228739272,
        -0.2448310246419665,
        -0.475356011109495,
        -0.4234736942988061,
        -0.49029937481825947,
        -0.4467737788783258
      ],
      [
        0.1405150319090247,
        -0.344266594986957,
        -0.30778942019415045,
        0.24980646760145186,
        0.4785701833786363,
        0.2715032987326286,
        0.2420807139864415,
        -0.49602046065384653
      ],
      [
        0.0713872539698649,
        0.018568742098647895,
        0.2436648458371986,
        0.07759019850170934,
        0.4852089364510398,
        -0.4369614067596892,
        -0.01809554863429408,
        -0.24368308414747797
      ],
      [
        0.3051521175534577,
        0.11155644121754671,
        -0.018514705153666267,
        0.338525622417835,
        -0.036719034697358155,
        0.3327849973959506,
        0.27547478762964706,
        0.3882542824632329
      ],
      [
        -0.3841392360350915,
        0.2609996471725361,
        -0.11454406847836429,
