{
  "personagem_id": 1,
  "camadas": [
    12,
    16,
    8,
    4
  ],
  "pesos": [
    [
      [
        0.036707942237848123,
        0.4135846493812556,
        0.011264169315628791,
        -0.23153754286742237,
        0.30082357867643705,
        0.10435921150469929,
        -0.18437163028492992,
        -0.374583213069417,
        0.23866442466127757,
        0.05940848099763674,
        0.04944383153787757,
        0.22638315816413956,
        0.4003164049943967,
        -0.4053268215314736,
        -0.31280522233621566,
        -0.3492866795240397
      ],
      [
        0.0623506703157527,
        -0.17504266408768981,
        0.08871772833057134,
        0.21582856346828094,
        -0.3032835335969968,
        -0.38773844053851414,
        0.4029462398907715,
        0.02878577379906866,
        0.21037693865099727,
        -0.3348547400729698,
        0.42847027432958207,
        0.43091681796117953,
        0.3512534953875993,
        -0.08004186493933435,
        -0.19933607176607554,
        -0.1036321237139386
      ],
      [
        0.17194949419894467,
        -0.021435638394498358,
        0.12058911787152238,
        0.02199948166001081,
        -0.3293000332840035,
        0.2588911645396852,
        0.025653533639676762,
        0.15441181899650724,
        -0.2514064732738927,
        -0.27896428764730524,
        0.29368035204414034,
        0.11009738629111077,
        0.24695934938153885,
        0.190264909199523,
        0.015534857607967967,
        -0.17756330310485408
      ],
      [
        0.17290733722045182,
        -0.22095352664391868,
        -0.11448264285631532,
        -0.003045242009846294,
        0.33480355491764935,
        0.3358579018599711,
        0.2351122006456967,
        0.4425775995287702,
        0.0912308768355472,
        -0.40924348883651945,
        -0.3342201054723759,
        -0.18596289541425032,
        -0.3482972909605823,
        0.35165956171208124,
        -0.34261178737764386,
        0.0025014658541798185
      ],
      [
        -0.27125735083981495,
        0.07049008062875073,
        0.4350134671353473,
        0.0779058878602168,
        0.1944083955569531,
        -0.44907971665597235,
        -0.002199663456207923,
        -0.048179981779875036,
        -0.42011645787912755,
        0.012023752825305822,
        0.09772202917793005,
        0.44952074568832834,
        -0.40117741104920485,
        -0.3702860684114672,
        0.05689311047001666,
        0.18671541572716943
      ],
      [
        -0.28961541561062165,
        0.3420066744058706,
        0.41284884467523086,
        -0.12052839704171059,
        -0.18826628118268068,
        -0.03700305233428541,
        0.08630617561170284,
        0.22505628795338573,
        0.32425946191624877,
        0.0845288145824229,
        -0.14934183431084658,
        -0.18007596119114033,
        -0.42830519017166546,
        -0.33977305800419655,
        -0.213578283606181,
        0.2757225918543941
      ],
      [
        0.06342477851076878,
        -0.005571270415360208,
        -0.13457097604648222,
        0.0681704866118239,
        0.25255884456741606,
        0.39601708972670724,
        -0.23973011870694014,
        0.4614611802846469,
        -0.3157906378695611,
        -0.402606472404824,
        -0.2262987877727471,
        -0.4062939075469462,
        0.41121748724250085,
        0.03844324910372099,
        0.2657880444982851,
        -0.18238249559665048
      ],
      [
        -0.44714375624434216,
        0.41824891257662333,
        0.40870319089125884,
        0.09207670458554185,
        -0.27691902901796284,
        -0.03383304335539228,
        0.25431008352488127,
        0.4288215967086061,
        -0.4536126771633462,
        0.2043177558962147,
        -0.0992930994736701,
        0.4559282969365397,
        -0.3405922387989303,
        0.3136953757634636,
        0.19685017510971436,
        0.19797697735938224
      ],
      [
        0.13032065859782416,
        0.18923972598734973,
        0.05665072474167154,
        -0.14601124194074722,
        0.4490459678171175,
        0.16157752452588758,
        0.1082156500273943,
        -0.339783721585555,
        -0.1943234507964195,
        0.4603749288585415,
        0.41166491258789206,
        -0.22997386757720883,
        0.07788887454327786,
        0.29965526147399224,
        0.05671050501432917,
        0.3820740436048118
      ],
      [
        0.27358890617222575,
        0.23973486330084037,
        -0.00022534648377792177,
        -0.21455830571156453,
        -0.43567233738077565,
        -0.0753662778815255,
        -0.18296268008452532,
        0.33497499911564954,
        -0.12374676768338311,
        0.41921630156168355,
        -0.15127148952843356,
        -0.1617862641853171,
        0.40820267136549726,
        -0.025095687326254834,
        0.1635960154935232,
        0.04867284392378568
      ],
      [
        -0.03538153991371734,
        -0.12701590484991682,
        -0.1864076108739664,
        -0.3773604553239437,
        0.42983131293119314,
        -0.26831069911831834,
        0.16528349808803322,
        0.3973034560462071,
        -0.4165197509300928,
        0.1434260862305201,
        0.26094606264107234,
        -0.38720153876483027,
        -0.2230848218689535,
        -0.1891026375575965,
        -0.29323855130024,
        0.4496951144892696
      ],
      [
        0.2406469014995063,
        -0.293862457875333,
        -0.15054793573637187,
        -0.003354989146015508,
        0.3090104150812011,
        -0.33108300894901344,
        -0.17297820372745237,
        -0.1068790530311457,
        -0.013693665419763357,
        -0.33285075189798163,
        0.3715103164145743,
        0.3539286458472539,
        0.1305779854046013,
        0.38653853901924584,
        0.10536601491992448,
        -0.36318329499622015
      ]
    ],
    [
      [
        0.05465500275926649,
        -0.059526513494458366,
        -0.4257720989964384,
        -0.4295573799325406,
        0.22829898516483527,
        0.48268511752682963,
        0.2999630970774224,
        0.44170672698544466
      ],
      [
        0.025032935162407233,
        0.184662396851064,
        -0.27967503571049435,
        -0.4358606834259795,
        -0.3840354622915657,
        0.1421425063984183,
        -0.4759004752496737,
        0.17442477109186716
      ],
      [
        0.27223188086839967,
        0.027071394871961862,
        0.2851874206969789,
        -0.4651148147974674,
        -0.0169645424570275,
        -0.15553399865502526,
        -0.31045458713899177,
        -0.11291114476437614
      ],
      [
        0.16662259218265196,
        0.18757322571779267,
        0.05475322155461815,
        0.18870600281025773,
        0.05391457071461425,
        0.42907075375798387,
        -0.21577656932710598,
        0.38244319117944137
      ],
      [
        -0.19187122483539865,
        0.4776620154766169,
        -0.43053599097409834,
        0.17430949192202583,
        -0.16818637999369224,
        0.19350890346689664,
        -0.18040373061316872,
        0.2729767491482761
      ],
      [
        -0.32803901834845206,
        0.28244410505801987,
        -0.03381257221518219,
        0.32322768486048203,
        0.23619878348685952,
        0.25187873523069526,
        0.46661650881798344,
        0.33245643546888426
      ],
      [
        -0.11060845568346045,
        -0.4640692166200119,
        -0.26934790429975586,
        0.06154452830576129,
        0.301139879866799,
        -0.10073341205248376,
        0.36409580455779644,
        0.2885273123329791
      ],
      [
        -0.05006660947903663,
        -0.4415149148076526,
        0.08529707283354138,
        0.23248858957590945,
        -0.010178136750507938,
        -0.30292467823857105,
        -0.35947274095510073,
        0.06028340450616354
      ],
      [
        -0.0816991320736723,
        -0.22107827942813074,
        0.2826356169176014,
