{
  "personagem_id": 2,
  "camadas": [
    12,
    16,
    8,
    4
  ],
  "pesos": [
    [
      [
        0.3186295506162131,
        0.3126648819589152,
        -0.19950901612876948,
        0.14172717369945498,
        -0.3325010267673759,
        -0.34045326926246855,
        -0.2519612174842035,
        0.44954460361659765,
        -0.07892536175772147,
        0.3492535141628492,
        0.1580536384306641,
        0.2928277056848587,
        -0.3329162657260535,
        -0.2890682725523515,
        -0.42157064250352216,
        -0.36032746942074834
      ],
      [
        -0.38360989737088586,
        -0.28508610819231234,
        0.30597293271832027,
        -0.03566968971317247,
        -0.36730421451996376,
        -0.3417156563140892,
        -0.21416926844132714,
        0.31004420531592847,
        0.2649354073965995,
        -0.2160213188636147,
        -0.3272723893547594,
        -0.06546530179967658,
        0.15717931211730352,
        0.40230791868750093,
        -0.12403602293048499,
        -0.29124513106464023
      ],
      [
        0.02262936415845207,
        -0.08521492299019845,
        -0.05826932062991158,
        -0.34940398649743143,
        -0.269326650924416,
        0.38548245347989507,
        -0.2771092616423777,
        -0.08140905713136393,
        0.3148873571308234,
        0.37960035502465916,
        0.2199544468322875,
        0.45834602138631364,
        0.1551423295124037,
        0.14058038496551184,
        0.3007566996431731,
        0.011041140726729015
      ],
      [
        0.18005397612775098,
        0.42634733950913006,
        -0.3045957039453819,
        -0.22288903647617903,
        -0.059349965794117276,
        0.42046231328741135,
        0.07585344414866357,
        0.3164367587739966,
        0.16023698870545466,
        -0.019715114749639218,
        0.20873813702743182,
        0.373260668759022,
        -0.08456509112004468,
        -0.4557736465995091,
        0.40963902344420844,
        0.21013915557707985
      ],
      [
        -0.3490317794894397,
        0.1369266935075738,
        -0.20983184699486684,
        -0.2993786409046481,
        0.24277898809407839,
        -0.044073559030047116,
        -0.06320493724272835,
        -0.07771703303084454,
        0.4204936433218288,
        0.23357460933601826,
        0.38004663826554286,
        0.22430453092780633,
        -0.13764415008694753,
        -0.16240444231991763,
        0.4112400226967532,
        0.26479715921760105
      ],
      [
        -0.31432250391885075,
        0.4491031672887017,
        0.2564845425893246,
        0.23484477568335893,
        0.12104235778317551,
        -0.43383486493951795,
        -0.28334105493912637,
        -0.010717284401323413,
        0.03068204528324897,
        0.26114285767192835,
        0.036673089469650644,
        0.36434477707167456,
        0.4483399377029982,
        -0.09691573957355848,
        -0.2537203635308918,
        0.17199475222846994
      ],
      [
        -0.014470590068057787,
        0.01928562504436998,
        -0.3438596568510632,
        0.11879073427292197,
        -0.3796219354026052,
        -0.11009111538492533,
        -0.413867382552771,
        0.2542215955121929,
        0.1268438341294259,
        -0.3552214743751319,
        -0.18587404010365627,
        -0.38054979223181884,
        0.26491352319939687,
        -0.38046270166921314,
        -0.03928630468001443,
        -0.232662913466548
      ],
      [
        -0.15747925176144745,
        -0.2599434562522197,
        0.4227019997176682,
        0.20050144932727243,
        0.4309132740060212,
        0.20715354235035832,
        0.38311075397392347,
        0.3768939158967656,
        0.3113290556679449,
        0.3849244758746643,
        -0.4289478129645323,
        -0.11967119227701833,
        0.45639443978197713,
        0.4500123955074755,
        0.07731827948843562,
        0.4276232539298793
      ],
      [
        -0.050719801464665926,
        0.012468815831567281,
        0.22752608026759458,
        0.0373324683774523,
        -0.17232760145926496,
        -0.20379129472324825,
        -0.0811643400312489,
        -0.32797461643485026,
        0.4237473440257049,
        -0.06467706227882464,
        0.39982663877152347,
        0.1489043996837971,
        0.11085901865699233,
        0.17658672491140193,
        0.14489535676077803,
        0.07456639609756466
      ],
      [
        -0.3830666308512779,
        0.3214748353629193,
        0.1420209631980749,
        -0.36747081612552024,
        -0.14533223016732832,
        -0.35414466509849346,
        -0.2066248242387358,
        -0.35366918855670415,
        0.18327816831890553,
        -0.09008839707040817,
        -0.006921910038870438,
        -0.4357004909935919,
        0.2494323573042344,
        -0.43680430301032674,
        -0.18031474259791352,
        -0.28879857010688725
      ],
      [
        0.4435504447005403,
        -0.10583700024358123,
        -0.4084732202363319,
        -0.20215296685759182,
        0.3225531348148333,
        -0.39802518200576176,
        -0.09968427239296429,
        0.11185015729603243,
        -0.3821683906100954,
        0.35724816583001573,
        0.3066154729274597,
        -0.25307816656081256,
        0.24370151387268224,
        -0.29758561980930115,
        -0.021792318678372058,
        0.012283358538624167
      ],
      [
        0.16503202032885256,
        -0.2503541848030449,
        -0.24869836125617656,
        -0.1892034716585359,
        -0.060157434733640214,
        -0.41774495099523007,
        0.4036982929462798,
        0.37062223526099114,
        -0.045644446866828114,
        -0.3431367314097076,
        0.07602539879428671,
        -0.23401960536725797,
        -0.007688000690486807,
        0.275338820557702,
        -0.1802170657435218,
        0.0767593119879858
      ]
    ],
    [
      [
        0.19426263031215407,
        -0.0064997981892217505,
        -0.15322666515057215,
        0.14240063447479134,
        -0.15356356833396656,
        0.38336886863897834,
        0.45705450120679114,
        -0.4266153692048805
      ],
      [
        -0.05323403726502285,
        -0.3513275622518932,
        -0.4992673785432038,
        -0.08984899583043204,
        -0.11304185143185008,
        -0.14818934962923147,
        -0.48952472090940047,
        -0.3837253394479845
      ],
      [
        -0.13849758961939862,
        -0.0979769683675904,
        0.08807936148295115,
        0.25445212518862614,
        -0.4104988974611765,
        -0.2871034885781355,
        -0.4604394174143197,
        0.30942560207923475
      ],
      [
        0.15306705113844432,
        0.29665713264383975,
        -0.24845222990173577,
        -0.09459079370722967,
        -0.05933255156801853,
        -0.07960829648531809,
        -0.2243126820706386,
        0.19458338303756817
      ],
      [
        -0.06321750980827712,
        0.48264566067193226,
        0.19695173258642207,
        -0.09990672986047877,
        -0.030987954477974866,
        -0.2510751372546314,
        0.31323956492955873,
        -0.37041353181773773
      ],
      [
        0.26296031501943684,
        0.36166967794234217,
        -0.001393874690332475,
        -0.3154946433883876,
        0.12937376533896994,
        0.42218744026961497,
        0.46618179413781236,
        -0.0938116534949065
      ],
      [
        -0.3153210668517774,
        0.14802767713319287,
        -0.3217940361874101,
        -0.38168226630301905,
        -0.37437377947217765,
        -0.13445089386405484,
        0.28384552102879135,
        0.48849362673790464
      ],
      [
        0.30405782058461905,
        0.009527743865978322,
        0.023505464467245663,
        0.3422951967808695,
        0.41654113663346737,
        0.12726956790381316,
        -0.0136714986855766,
        -0.21560932455849002
      ],
      [
        -0.47676739744124697,
        0.2232195013506414,
